{
	"folders": {},
	"connections": {
		"mysql8-19160c7c029-7db68376b3d23d94": {
			"provider": "mysql",
			"driver": "mysql8",
			"name": "localhost",
			"save-password": true,
			"configuration": {
				"host": "localhost",
				"port": "3306",
				"url": "jdbc:mysql://localhost:3306/",
				"configurationType": "MANUAL",
				"home": "mysql_client",
				"type": "dev",
				"closeIdleConnection": true,
				"auth-model": "native"
			}
		}
	},
	"connection-types": {
		"dev": {
			"name": "Development",
			"color": "255,255,255",
			"description": "Regular development database",
			"auto-commit": true,
			"confirm-execute": false,
			"confirm-data-change": false,
			"smart-commit": false,
			"smart-commit-recover": true,
			"auto-close-transactions": true,
			"close-transactions-period": 1800,
			"auto-close-connections": true,
			"close-connections-period": 14400
		}
	}
}